{"encoder_version": {"cmdline": ["ffmpeg", "-nostats", "-loglevel", "error", "-y", "-r", "50", "-f", "rawvideo", "-s:v", "1200x800", "-pix_fmt", "rgb24", "-i", "-", "-vcodec", "libx264", "-pix_fmt", "yuv420p", "/Users/peter/Documents/CMU/CMUCoursework/RL/rl-403/Videos/v1ld35/saved_model21.h5/openaigym.video.0.16235.video000000.mp4"], "version": "ffmpeg version 4.1 Copyright (c) 2000-2018 the FFmpeg developers\nbuilt with Apple LLVM version 10.0.0 (clang-1000.11.45.5)\nconfiguration: --prefix=/usr/local/Cellar/ffmpeg/4.1_3 --enable-shared --enable-pthreads --enable-version3 --enable-hardcoded-tables --enable-avresample --cc=clang --host-cflags= --host-ldflags= --enable-ffplay --enable-gpl --enable-libaom --enable-libmp3lame --enable-libopus --enable-libsnappy --enable-libtheora --enable-libvorbis --enable-libvpx --enable-libx264 --enable-libx265 --enable-libxvid --enable-lzma --enable-libfontconfig --enable-libfreetype --enable-frei0r --enable-libass --enable-libopencore-amrnb --enable-libopencore-amrwb --enable-librtmp --enable-libspeex --enable-videotoolbox --disable-libjack --disable-indev=jack\nlibavutil      56. 22.100 / 56. 22.100\nlibavcodec     58. 35.100 / 58. 35.100\nlibavformat    58. 20.100 / 58. 20.100\nlibavdevice    58.  5.100 / 58.  5.100\nlibavfilter     7. 40.101 /  7. 40.101\nlibavresample   4.  0.  0 /  4.  0.  0\nlibswscale      5.  3.100 /  5.  3.100\nlibswresample   3.  3.100 /  3.  3.100\nlibpostproc    55.  3.100 / 55.  3.100\n", "backend": "ffmpeg"}, "content_type": "video/mp4", "episode_id": 0}